post_id,topic_code
1354k7j,box_office
13779le,reactions_and_reviews
137k642,anticipation
138t3eh,anticipation
13eyo1g,anticipation
13fbf9r,reactions_and_reviews
13l4io2,anticipation
13logsl,box_office
13nvlx8,technical_aspects
13qy5hh,anticipation
13rinl2,technical_aspects
13rlhqf,anticipation
13s7szj,reactions_and_reviews
13u90pa,anticipation
13x0o52,anticipation
13x81hg,box_office
13xbjg5,technical_aspects
13xt2bo,technical_aspects
13y0k6o,box_office
13y2zqx,box_office
13y4arv,box_office
13ysdsf,reactions_and_reviews
13zebxh,reactions_and_reviews
140u117,box_office
140ye99,technical_aspects
142y8zr,anticipation
143gcj6,box_office
144kpz6,anticipation
145ahr4,technical_aspects
145keoq,technical_aspects
1460q5v,technical_aspects
1479a9w,box_office
148vtlh,cultural_impact
149ie9p,box_office
14bv1o0,box_office
14c8to4,anticipation
14eno04,reactions_and_reviews
14esrwt,cultural_impact
14jzspe,box_office
14kbbz0,anticipation
14l7dk4,technical_aspects
14lb1vy,reactions_and_reviews
14m9b32,box_office
14mb57d,box_office
14mfik2,cultural_impact
14mhztz,comparison
14mnls2,technical_aspects
14o0x8v,box_office
14oh3jt,box_office
14pldrc,comparison
14pz03b,anticipation
14qe0qp,comparison
14sip79,anticipation
14swomz,comparison
14tevnd,cultural_impact
14tghmd,box_office
14u51n6,technical_aspects
14ukpjt,anticipation
14ul32r,box_office
14uq7o8,box_office
14urvs4,comparison
14vc1k0,technical_aspects
14vw35q,comparison
14w204h,comparison
14wcudn,anticipation
14wnimd,cultural_impact
14x4ofs,reactions_and_reviews
14x8so7,box_office
14xdey2,box_office
14xte7t,comparison
14xxjgp,technical_aspects
14xyrsj,comparison
14ybsqt,comparison
14yohi2,anticipation
14ysjxk,anticipation
14zcuj5,reactions_and_reviews
14zerbt,comparison
14zlnoq,comparison
14zsg3d,comparison
14zups9,box_office
14zz8dl,anticipation
150tr3n,comparison
151y8re,anticipation
151yfg1,box_office
15214z3,technical_aspects
15236w5,technical_aspects
1529hlr,anticipation
1529kzx,technical_aspects
152ho9l,technical_aspects
152j6gb,box_office
152segi,technical_aspects
1530pul,comparison
1539zwu,anticipation
153dcxm,reactions_and_reviews
153y9kv,anticipation
153z01q,reactions_and_reviews
153z3n8,reactions_and_reviews
153zj13,comparison
15420pb,box_office
1544mb5,box_office
1548p8x,technical_aspects
154f77x,technical_aspects
154g4v7,reactions_and_reviews
154k6pn,box_office
154o3sa,box_office
154p2e0,reactions_and_reviews
154xt5t,box_office
154ygq6,box_office
1553rgf,box_office
155afzv,reactions_and_reviews
155ag1m,reactions_and_reviews
155c1sk,box_office
155cffr,box_office
155dmr5,comparison
155fy9l,reactions_and_reviews
155myaq,box_office
155ni86,box_office
155pctb,box_office
155s6gq,cultural_impact
155s9ik,box_office
155tt66,box_office
155u8tr,box_office
155yb7q,box_office
15674xz,comparison
156bjr1,box_office
156de9s,box_office
156mmg2,reactions_and_reviews
156thgb,box_office
156tm4o,reactions_and_reviews
156x186,reactions_and_reviews
156ydlc,box_office
156zt07,cultural_impact
1571t6i,comparison
1578ufb,reactions_and_reviews
157av2s,box_office
157gitf,box_office
157jmle,box_office
157kjux,box_office
157yt9r,box_office
15802l5,box_office
15849ri,cultural_impact
158al6h,box_office
158beiz,box_office
158bw5q,box_office
158fzcw,box_office
158gx2a,reactions_and_reviews
158mmnk,box_office
158r94a,reactions_and_reviews
158s9ia,box_office
158safe,reactions_and_reviews
158thxd,reactions_and_reviews
158uz8e,technical_aspects
158zrdz,comparison
159b1xg,box_office
159fog5,reactions_and_reviews
159gjj3,technical_aspects
159gsdz,box_office
159uk79,reactions_and_reviews
159vfdf,reactions_and_reviews
15a63f7,box_office
15a6vmk,cultural_impact
15a7eh4,reactions_and_reviews
15a8xf7,box_office
15a8y1t,comparison
15abt3i,comparison
15acs8u,reactions_and_reviews
15as31d,box_office
15aso5q,box_office
15b8m61,box_office
15bdsv9,reactions_and_reviews
15bfgfc,box_office
15btwom,technical_aspects
15bu5tt,box_office
15burik,reactions_and_reviews
15cab0r,box_office
15cao1e,reactions_and_reviews
15cd0qf,reactions_and_reviews
15cvh1d,comparison
15d5u5a,reactions_and_reviews
15d8ap3,technical_aspects
15dadd2,comparison
15dho0y,reactions_and_reviews
15dhy4n,comparison
15dofke,technical_aspects
15dq5k9,comparison
15dsh9e,box_office
15dti95,comparison
15dtyml,reactions_and_reviews
15dwqfi,box_office
15dyzay,box_office
15e325d,reactions_and_reviews
15e73qe,box_office
15e84lo,box_office
15e9ate,comparison
15e9mk8,box_office
15ebyqw,cultural_impact
15eezvn,box_office
15eh99q,box_office
15eidbl,box_office
15eknmk,box_office
15elhmh,box_office
15eq975,reactions_and_reviews
15eucst,box_office
15evoag,box_office
15f2k5g,box_office
15f7s6v,cultural_impact
15fcc13,cultural_impact
15fd6dq,box_office
15fesgo,cultural_impact
15fgcrm,box_office
15foahk,box_office
15fqyth,box_office
15frrkv,box_office
15ft6mo,box_office
15fw1b5,reactions_and_reviews
15fxv0t,comparison
15fyyz1,reactions_and_reviews
15g8osl,cultural_impact
15gaf2a,reactions_and_reviews
15gduoj,box_office
15gf5o0,box_office
15ghd9f,box_office
15ghul7,box_office
15giqy8,box_office
15gnhzh,comparison
15gohnf,box_office
15gpnz1,reactions_and_reviews
15h1dwo,box_office
15h8bys,comparison
15h8iri,box_office
15hclb7,box_office
15hcuye,box_office
15hdjvj,box_office
15hx4il,comparison
15hzpk5,box_office
15i41gt,box_office
15i9due,box_office
15iadg5,reactions_and_reviews
15ib03g,reactions_and_reviews
15io2qa,box_office
15iqln3,box_office
15iwvwp,box_office
15iwyjd,box_office
15jay2o,reactions_and_reviews
15jtg9t,box_office
15jwtz0,box_office
15jwzha,box_office
15k45d2,comparison
15ka53h,reactions_and_reviews
15kntk4,box_office
15koh67,reactions_and_reviews
15kpac1,box_office
15kpn9d,box_office
15kuelz,box_office
15kzs0x,reactions_and_reviews
15lbvbk,box_office
15lefff,technical_aspects
15lpvcd,box_office
15lxuat,reactions_and_reviews
15m8jvs,reactions_and_reviews
15maary,cultural_impact
15mgnc4,cultural_impact
15mk0oz,box_office
15mk3oy,cultural_impact
15mrtbm,reactions_and_reviews
15mvj5v,box_office
15n0jet,comparison
15n0rtr,cultural_impact
15n6295,box_office
15ndnlu,cultural_impact
15ni25m,box_office
15nlnff,comparison
15nvzcg,box_office
15nwapt,reactions_and_reviews
15nweoy,box_office
15nwjdi,box_office
15o22fz,comparison
15o5w28,box_office
15o67bb,cultural_impact
15o68ij,reactions_and_reviews
15o7tlc,box_office
15odqbj,reactions_and_reviews
15ofzb8,box_office
15oz9pf,box_office
15ozx7i,reactions_and_reviews
15p45x5,box_office
15p4f0x,box_office
15p5xlz,box_office
15p8i2c,box_office
15pm918,anticipation
15px5je,box_office
15pzvga,box_office
15r4tno,comparison
15r6zwi,technical_aspects
15rc57v,box_office
15ri232,box_office
15rpg0q,box_office
15rsyq3,box_office
15ruap0,box_office
15rwxut,comparison
15s2gfq,box_office
15s3yaz,comparison
15s5edp,cultural_impact
15sqx4c,reactions_and_reviews
15svnkc,technical_aspects
15sw5hi,comparison
15syfhg,box_office
15t9csg,box_office
15thvp6,reactions_and_reviews
15tu4ak,box_office
15udnp7,comparison
15ujkij,box_office
15umke4,comparison
15upjum,box_office
15uqy9d,box_office
15uwsao,box_office
15vb0k1,box_office
15vj5eq,box_office
15vohz8,box_office
15w6y0m,box_office
15w8xd6,technical_aspects
15x0xbl,comparison
15x655w,box_office
15x6a9c,box_office
15xnp1o,box_office
15y0e6g,box_office
15y13r7,box_office
15y897j,cultural_impact
15ycwg8,box_office
15z3qnd,box_office
15z8vlw,box_office
15zio68,reactions_and_reviews
15zlbfr,box_office
15zqr6o,box_office
1602xp1,anticipation
1606mep,box_office
160ip4r,comparison
1615cwa,box_office
161boow,box_office
161muii,box_office
161wmht,box_office
1620nf6,technical_aspects
1627we8,box_office
162kvdl,box_office
162omyo,box_office
162uzyy,box_office
162zcbz,box_office
162zdm7,box_office
1636rbj,box_office
163kpt5,comparison
163oe6j,box_office
163q9o0,box_office
163uwee,technical_aspects
163v5cs,box_office
163vid5,box_office
164451o,box_office
164hwk7,box_office
164ooqc,comparison
164r7cz,box_office
164x8xq,box_office
164xdis,technical_aspects
164xjig,box_office
164y47e,box_office
165fsef,box_office
165kzpt,cultural_impact
165l07u,box_office
165lpjb,box_office
165sk0o,box_office
165zu8g,box_office
1664m3h,box_office
166hlwf,comparison
166rcmx,box_office
1673eeg,box_office
167c0m7,reactions_and_reviews
167fhih,box_office
167fzc5,box_office
167m4x3,box_office
167t8n7,box_office
167tc6r,cultural_impact
16838kx,box_office
168730l,box_office
168735l,anticipation
168hrtl,reactions_and_reviews
168hx94,box_office
1690wwg,box_office
1691387,box_office
1698h4f,box_office
169eeld,comparison
169mpso,comparison
169sxwb,box_office
169wamt,box_office
16a3mni,box_office
16a7ymz,comparison
16ae42p,reactions_and_reviews
16asbrz,box_office
16b6o93,box_office
16bm33l,box_office
16bo9mz,box_office
16bsq00,reactions_and_reviews
16bxho1,technical_aspects
16c5ebh,anticipation
16cjy02,box_office
16cku7b,reactions_and_reviews
16cnn2c,box_office
16dbe5n,anticipation
16ddkcr,box_office
16des6b,box_office
16dfcip,box_office
16dfvv9,box_office
16dhw0d,box_office
16e9pdd,box_office
16ej3jf,box_office
16fk3x5,box_office
16fzqva,reactions_and_reviews
16fzrdd,box_office
16gvnbt,box_office
16gxaba,comparison
16gz2t0,reactions_and_reviews
16h7obd,box_office
16ht4pc,box_office
16imcat,box_office
16ji62u,box_office
16k9q6m,box_office
16kbi4r,box_office
16l2bwa,reactions_and_reviews
16lf66e,box_office
16lu39p,cultural_impact
16lygvo,reactions_and_reviews
16mw1fh,comparison
16mxke3,technical_aspects
16nv2s5,reactions_and_reviews
16o9z9l,comparison
16ozwr1,box_office
16pqnuz,box_office
16ps8kz,box_office
16qk6uo,box_office
16rdspd,reactions_and_reviews
16s4rix,box_office
16svrq0,box_office
16sxrui,cultural_impact
16tpuys,box_office
16twdjh,box_office
16udcq9,reactions_and_reviews
16uu2wq,reactions_and_reviews
16uu5uq,box_office
16v2p9r,comparison
16vgngw,comparison
16vkpej,comparison
16vpgpl,cultural_impact
16vu0be,cultural_impact
16vzo5c,technical_aspects
16w9yur,box_office
